"phys_par_mean", "phys_par_stdev", "phys_par_median", "phys_par_errlo", "phys_par_errup"
2.745114476694770378e+00,2.115393128391769850e-01,2.749681740895278725e+00,2.544827180027535274e+00,2.955419051032779798e+00
