"phys_par_mean", "phys_par_stdev", "phys_par_median", "phys_par_errlo", "phys_par_errup"
2.745881612318899379e+00,2.125210267937326925e-01,2.751238960293830971e+00,2.549649487475368126e+00,2.949294023887762961e+00
