{
    "niter": 2923,
    "logz": -71.93498081779354,
    "logzerr": 0.12597344446333641,
    "logz_bs": -71.94418373866304,
    "logz_single": -71.93498081779354,
    "logzerr_tail": 0.013648053276881456,
    "logzerr_bs": 0.12523194221806477,
    "ess": 1295.0083570522474,
    "H": 1.4847229367680939,
    "Herr": 0.04660070783208738,
    "posterior": {
        "mean": [
            2.7381865458390866
        ],
        "stdev": [
            0.2235025112774836
        ],
        "median": [
            2.7465539183823524
        ],
        "errlo": [
            2.5147636338858534
        ],
        "errup": [
            2.9654939510871676
        ],
        "information_gain_bits": [
            0.5670798037806412
        ]
    },
    "maximum_likelihood": {
        "logl": -69.91476036161146,
        "point": [
            2.7750726892563184
        ],
        "point_untransformed": [
            0.44376817231407956
        ]
    },
    "ncall": 3002,
    "paramnames": [
        "phys_par"
    ],
    "logzerr_single": 0.060924603748569714,
    "insertion_order_MWW_test": {
        "independent_iterations": Infinity,
        "converged": true
    }
}