{
    "niter": 2502,
    "logz": -71.88212338964897,
    "logzerr": 0.11429262686046052,
    "logz_bs": -71.88113477330582,
    "logz_single": -71.88212338964897,
    "logzerr_tail": 0.03664999291298443,
    "logzerr_bs": 0.10825702089999822,
    "ess": 1233.714403045085,
    "H": 1.499973854207127,
    "Herr": 0.038908579144209636,
    "posterior": {
        "mean": [
            2.7451144766947704
        ],
        "stdev": [
            0.21153931283917699
        ],
        "median": [
            2.7496817408952787
        ],
        "errlo": [
            2.5448271800275353
        ],
        "errup": [
            2.95541905103278
        ],
        "information_gain_bits": [
            0.5889164748001214
        ]
    },
    "maximum_likelihood": {
        "logl": -69.91476035889825,
        "point": [
            2.775095185377424
        ],
        "point_untransformed": [
            0.443773796344356
        ]
    },
    "ncall": 2563,
    "paramnames": [
        "phys_par"
    ],
    "logzerr_single": 0.061236709868491605,
    "insertion_order_MWW_test": {
        "independent_iterations": 109.0,
        "converged": false
    }
}