{
    "niter": 2470,
    "logz": -71.81879303517425,
    "logzerr": 0.10037144846398077,
    "logz_bs": -71.82123042183967,
    "logz_single": -71.81879303517425,
    "logzerr_tail": 0.037255169134780886,
    "logzerr_bs": 0.09320128775664216,
    "ess": 1245.5553368254004,
    "H": 1.430798711837511,
    "Herr": 0.0370773338903628,
    "posterior": {
        "mean": [
            2.7458816123188994
        ],
        "stdev": [
            0.2125210267937327
        ],
        "median": [
            2.751238960293831
        ],
        "errlo": [
            2.549649487475368
        ],
        "errup": [
            2.949294023887763
        ],
        "information_gain_bits": [
            0.6119794443999862
        ]
    },
    "maximum_likelihood": {
        "logl": -69.9147603629069,
        "point": [
            2.7751091889552013
        ],
        "point_untransformed": [
            0.4437772972388004
        ]
    },
    "ncall": 2528,
    "paramnames": [
        "phys_par"
    ],
    "logzerr_single": 0.05980799929435675,
    "insertion_order_MWW_test": {
        "independent_iterations": 447.0,
        "converged": false
    }
}